-- Import unit_elements
INSERT INTO unit_elements (id, name, icon, parent_id, priority, created_at, updated_at)
VALUES
    ('1bee2f6f-78fa-432e-b7e2-eee3bde23a5e', 'Stryx Squadron', '/images/9_logo.png', NULL, 3, '2025-01-10 02:00:49.490921', '2025-01-10 02:00:49.490921'),
    ('1e03fe15-44a6-445e-9bd6-38f1c60087b1', 'Cinder 1', '/images/9_logo.png', '2776df4d-65a8-4702-a127-777840d894a8', 1, '2025-01-09 19:11:30.931087', '2025-01-09 19:11:30.931087'),
    ('230886d5-8fc5-41b8-a5c3-4db98fd55043', 'Cinder 1-1', '/images/9_logo.png', '1e03fe15-44a6-445e-9bd6-38f1c60087b1', 1, '2025-01-09 19:11:43.843869', '2025-01-09 19:11:43.843869'),
    ('2776df4d-65a8-4702-a127-777840d894a8', 'Cinder HQ', '/images/9_logo.png', NULL, 1, '2025-01-09 19:11:24.100501', '2025-01-09 19:11:24.100501'),
    ('27a0f072-1824-4380-9099-99aea5f16c9c', 'Icarus Squad', '/images/9_logo.png', 'f1971f13-35cf-4122-aa9e-d4beb6370144', 0, '2025-01-10 02:13:04.465753', '2025-01-10 02:13:04.465753'),
    ('2f4965f6-3b9c-4db6-9296-7dc03c06d91e', 'Cinder 2-2', '/images/9_logo.png', '3ed37804-307d-4d9f-81a5-08adda935f93', 2, '2025-01-09 19:12:06.751457', '2025-01-09 19:12:06.751457'),
    ('3b64a805-8fd0-4cd5-bdd3-4dfaf6402d08', 'Cinder 2-1', '/images/9_logo.png', '3ed37804-307d-4d9f-81a5-08adda935f93', 1, '2025-01-09 19:12:06.771005', '2025-01-09 19:12:06.771005'),
    ('3ed37804-307d-4d9f-81a5-08adda935f93', 'Cinder 2', '/images/9_logo.png', '2776df4d-65a8-4702-a127-777840d894a8', 2, '2025-01-09 19:11:36.725455', '2025-01-09 19:11:36.725455'),
    ('60433d30-9932-4438-8d4c-d88990cbc115', 'Stryx 1', '/images/9_logo.png', '1bee2f6f-78fa-432e-b7e2-eee3bde23a5e', 0, '2025-01-10 02:02:03.934236', '2025-01-10 02:02:03.934236'),
    ('60effaba-daa5-4474-936b-c7eccbe431e7', 'Cinder 1-2', '/images/9_logo.png', '1e03fe15-44a6-445e-9bd6-38f1c60087b1', 2, '2025-01-09 19:11:48.776342', '2025-01-09 19:11:48.776342'),
    ('84c41479-10e3-4f8e-a30a-778003829f9f', 'Grim', '/images/9_logo.png', '8b269f8e-c88b-4634-918b-574c094e5be7', 0, '2025-01-10 02:12:18.800307', '2025-01-10 02:12:18.800307'),
    ('8b269f8e-c88b-4634-918b-574c094e5be7', 'Hard Detachments', '/images/9_logo.png', NULL, 5, '2025-01-10 02:11:55.353881', '2025-01-10 02:11:55.353881'),
    ('c1155601-8d2f-428b-bde9-8ce8795d871f', 'Stryx 1-1', '/images/9_logo.png', '60433d30-9932-4438-8d4c-d88990cbc115', 0, '2025-01-10 02:02:33.956919', '2025-01-10 02:02:33.956919'),
    ('f1971f13-35cf-4122-aa9e-d4beb6370144', 'Soft Detachments', '/images/9_logo.png', NULL, 4, '2025-01-10 02:11:33.821428', '2025-01-10 02:11:33.821428'),
    ('ffd6a1cb-2ab6-4e51-a733-e73959bbe9f5', 'Myth HQ', '/images/9_logo.png', NULL, 0, '2025-01-09 19:11:18.074837', '2025-01-09 19:11:18.074837');

-- Import ranks
INSERT INTO ranks (id, grade, name, abbreviation, "rankLevel", next_rank_id, created_at, updated_at)
VALUES
    (1, 'C-1', 'Clone Commander', 'CC', 'Command', NULL, NOW(), NOW()),
    (2, 'C-1', 'Clone Captain', 'CC', 'Command', NULL, NOW(), NOW()),
    (3, 'C-1', 'Chief Warrant Officer', 'CWO', 'Command', NULL, NOW(), NOW()),
    (4, 'C-1', 'Clone First Lieutenant', 'CC', 'Command', NULL, NOW(), NOW()),
    (5, 'O-1', 'Clone Second Lieutenant', 'CL', 'Company', 4, NOW(), NOW()),
    (6, 'O-1', 'Clone Squadron Commander', 'CXO', 'Company', NULL, NOW(), NOW()),
    (7, 'O-1', 'Clone Warrant Officer Grade 5', 'CW', 'Company', 3, NOW(), NOW()),
    (8, 'N-2', 'Clone Sergeant', 'CS', 'SNCO', 4, NOW(), NOW()),
    (9, 'N-2', 'Clone Flight Officer', 'CXS', 'SNCO', 6, NOW(), NOW()),
    (10, 'N-2', 'Clone Warrant Officer Grade 4', 'CW', 'SNCO', 7, NOW(), NOW()),
    (11, 'N-1', 'Clone Corporal', 'CP', 'JNCO', 8, NOW(), NOW()),
    (12, 'N-1', 'Jr Clone Flight Officer', 'CXP', 'JNCO', 9, NOW(), NOW()),
    (13, 'N-1', 'Clone Warrant Officer Grade 3', 'CW', 'JNCO', 10, NOW(), NOW()),
    (14, 'E-5', 'Clone Lance Corporal', 'CLC', 'Enlisted', 11, NOW(), NOW()),
    (15, 'E-5', 'Clone Warrant Officer Grade 2', 'CW', 'Enlisted', 13, NOW(), NOW()),
    (16, 'E-4', 'Clone Specialist', 'CSP', 'Enlisted', 14, NOW(), NOW()),
    (17, 'E-4', 'Clone Ensign', 'CXX', 'Enlisted', 12, NOW(), NOW()),
    (18, 'E-4', 'Clone Warrant Officer Grade 1', 'CW', 'Enlisted', 15, NOW(), NOW()),
    (19, 'E-3', 'Veteran Clone Trooper', 'VCT', 'Enlisted', 16, NOW(), NOW()),
    (20, 'E-3', 'Clone Aviator', 'CX', 'Enlisted', 17, NOW(), NOW()),
    (21, 'E-2', 'Senior Clone Trooper', 'SCT', 'Enlisted', 19, NOW(), NOW()),
    (22, 'E-2', 'Clone Aviator Cadet', 'CXC', 'Enlisted', 20, NOW(), NOW()),
    (23, 'E-1', 'Clone Trooper', 'CT', 'Enlisted', 21, NOW(), NOW()),
    (24, 'E-0', 'Clone Recruit', 'CR', 'Enlisted', 23, NOW(), NOW());

-- Import billets
INSERT INTO billets (id, role, unit_element_id, superior_billet_id, priority, created_at, updated_at)
VALUES
    ('0158c639-899b-497c-b181-5fd9ffc7d6d9', 'Trooper', '230886d5-8fc5-41b8-a5c3-4db98fd55043', 'a6be26b8-731f-4921-aff0-c13b55c1196b', 2, '2025-01-09 19:22:46.526585', '2025-01-09 19:22:46.526585'),
    ('03a8ea27-f302-4802-9995-5b164900c52e', 'Airborne Lead', '27a0f072-1824-4380-9099-99aea5f16c9c', NULL, 0, '2025-01-10 02:21:44.187865', '2025-01-10 02:21:44.187865'),
    ('0be5b36a-5db6-447d-880f-d77ad4217a9b', 'Section Leader', 'c1155601-8d2f-428b-bde9-8ce8795d871f', 'bbf8cc94-8b6f-4cde-af0d-cba4a7be538b', 0, '2025-01-10 02:08:13.231247', '2025-01-10 02:08:13.231247'),
    ('15c6734c-d31b-4641-8a3c-dd6212001833', 'ARF Lead', '84c41479-10e3-4f8e-a30a-778003829f9f', NULL, 0, '2025-01-10 02:20:15.041498', '2025-01-10 02:20:15.041498'),
    ('1673480f-fac0-4344-a063-d3950259e92d', 'Trooper', '27a0f072-1824-4380-9099-99aea5f16c9c', '03a8ea27-f302-4802-9995-5b164900c52e', 4, '2025-01-10 02:22:14.734911', '2025-01-10 02:22:14.734911'),
    ('18f72361-24fa-49da-b290-8a4e01b675ea', 'Platoon Leader', '2776df4d-65a8-4702-a127-777840d894a8', NULL, 0, '2025-01-09 19:14:21.130524', '2025-01-09 19:14:21.130524'),
    ('1e573453-ea25-41ac-aad7-08f43450e26d', 'Trooper', '27a0f072-1824-4380-9099-99aea5f16c9c', '03a8ea27-f302-4802-9995-5b164900c52e', 2, '2025-01-10 02:22:14.721039', '2025-01-10 02:22:14.721039'),
    ('26b3aad5-a637-4303-be40-70d5f5805e6f', 'Pilot', 'c1155601-8d2f-428b-bde9-8ce8795d871f', '0be5b36a-5db6-447d-880f-d77ad4217a9b', 3, '2025-01-10 02:09:00.503919', '2025-01-10 02:09:00.503919'),
    ('386d7025-eb18-4e37-b35a-1da4e982dfc6', 'Trooper', '3b64a805-8fd0-4cd5-bdd3-4dfaf6402d08', '768bf469-f1e5-4eb3-bdfb-f0f73827153a', 3, '2025-01-09 19:24:50.082946', '2025-01-09 19:24:50.082946'),
    ('40ad8db2-ebfd-4695-90cf-99b63349bd61', 'Trooper', '27a0f072-1824-4380-9099-99aea5f16c9c', '03a8ea27-f302-4802-9995-5b164900c52e', 3, '2025-01-10 02:22:14.748024', '2025-01-10 02:22:14.748024'),
    ('43c1713a-ee56-4a34-ac71-4d33ca21586f', 'Trooper', '230886d5-8fc5-41b8-a5c3-4db98fd55043', 'a6be26b8-731f-4921-aff0-c13b55c1196b', 1, '2025-01-09 19:22:46.51271', '2025-01-09 19:22:46.51271'),
    ('45159dae-f719-4d26-b8e8-82a33a58d1bd', 'Trooper', '2f4965f6-3b9c-4db6-9296-7dc03c06d91e', 'd660f456-05c5-4919-9f72-a1b7ae971084', 3, '2025-01-09 19:25:29.745118', '2025-01-09 19:25:29.745118'),
    ('4a686056-d59a-41a4-b6d3-8574ffe46a00', 'Trooper', '2f4965f6-3b9c-4db6-9296-7dc03c06d91e', 'd660f456-05c5-4919-9f72-a1b7ae971084', 2, '2025-01-09 19:25:29.73209', '2025-01-09 19:25:29.73209'),
    ('5ec92e84-8f86-46d9-ad7e-13ccffd953a1', 'Trooper', '3b64a805-8fd0-4cd5-bdd3-4dfaf6402d08', '768bf469-f1e5-4eb3-bdfb-f0f73827153a', 1, '2025-01-09 19:24:50.041284', '2025-01-09 19:24:50.041284'),
    ('768bf469-f1e5-4eb3-bdfb-f0f73827153a', 'Team Leader', '3b64a805-8fd0-4cd5-bdd3-4dfaf6402d08', 'c5c518b5-8da3-4867-8f8f-efdccae717ac', 0, '2025-01-09 19:21:16.363539', '2025-01-09 19:21:16.363539'),
    ('774736c7-aecb-4ac1-a548-ce3d0ef160f1', 'Trooper', '3b64a805-8fd0-4cd5-bdd3-4dfaf6402d08', '768bf469-f1e5-4eb3-bdfb-f0f73827153a', 2, '2025-01-09 19:24:50.061334', '2025-01-09 19:24:50.061334'),
    ('77ea7389-7af3-4b93-ace0-f89e6a6a5599', 'ARF Trooper', '84c41479-10e3-4f8e-a30a-778003829f9f', '15c6734c-d31b-4641-8a3c-dd6212001833', 2, '2025-01-10 02:20:42.026684', '2025-01-10 02:20:42.026684'),
    ('787f5f00-f31b-4876-a9a7-eb2d63d3f9b0', 'Medic', '27a0f072-1824-4380-9099-99aea5f16c9c', '03a8ea27-f302-4802-9995-5b164900c52e', 1, '2025-01-10 02:22:14.706085', '2025-01-10 02:22:14.706085'),
    ('7f0c7523-f209-4632-b58b-30ada2ff0d4a', 'Clone Captain', 'ffd6a1cb-2ab6-4e51-a733-e73959bbe9f5', NULL, 2, '2025-01-09 19:13:51.870178', '2025-01-09 19:13:51.870178'),
    ('8271b7a2-9878-404b-b247-a7a05392cdc8', 'Squadron Commander', '1bee2f6f-78fa-432e-b7e2-eee3bde23a5e', NULL, 0, '2025-01-10 02:05:06.156881', '2025-01-10 02:05:06.156881'),
    ('8601270b-bd9d-4794-923b-0ef28343d4b3', 'Trooper', '60effaba-daa5-4474-936b-c7eccbe431e7', 'a563df8f-07a6-4e16-a355-408ecece0e69', 3, '2025-01-09 19:23:35.340141', '2025-01-09 19:23:35.340141'),
    ('95a2cb7c-3d90-4e84-8b29-7c83abc2fa14', 'Clone Commander', 'ffd6a1cb-2ab6-4e51-a733-e73959bbe9f5', NULL, 1, '2025-01-09 19:13:51.831783', '2025-01-09 19:13:51.831783'),
    ('97d33350-1f14-4b04-9201-01484f9ca83c', 'Trooper', '60effaba-daa5-4474-936b-c7eccbe431e7', 'a563df8f-07a6-4e16-a355-408ecece0e69', 2, '2025-01-09 19:23:35.320173', '2025-01-09 19:23:35.320173'),
    ('9aff3891-15fa-48bc-9613-4f4e0b4f7277', 'Trooper', '60effaba-daa5-4474-936b-c7eccbe431e7', 'a563df8f-07a6-4e16-a355-408ecece0e69', 1, '2025-01-09 19:23:35.300196', '2025-01-09 19:23:35.300196'),
    ('9c61cd55-ae98-4622-b073-394c8e8f2027', 'ARF Trooper', '84c41479-10e3-4f8e-a30a-778003829f9f', '15c6734c-d31b-4641-8a3c-dd6212001833', 1, '2025-01-10 02:20:42.005914', '2025-01-10 02:20:42.005914'),
    ('9e91795c-10ee-4776-9517-3b23649e9d6e', 'Medic', '1e03fe15-44a6-445e-9bd6-38f1c60087b1', 'bef554ee-f857-4d64-9b44-3b1f24995e44', 1, '2025-01-09 19:15:53.444083', '2025-01-09 19:15:53.444083'),
    ('a2bb3c33-a576-44be-93fb-92f58d41e068', 'Medic', '3ed37804-307d-4d9f-81a5-08adda935f93', 'c5c518b5-8da3-4867-8f8f-efdccae717ac', 1, '2025-01-09 19:17:30.712153', '2025-01-09 19:17:30.712153'),
    ('a563df8f-07a6-4e16-a355-408ecece0e69', 'Team Leader', '60effaba-daa5-4474-936b-c7eccbe431e7', 'bef554ee-f857-4d64-9b44-3b1f24995e44', 0, '2025-01-09 19:20:31.730797', '2025-01-09 19:20:31.730797'),
    ('a6be26b8-731f-4921-aff0-c13b55c1196b', 'Team Leader', '230886d5-8fc5-41b8-a5c3-4db98fd55043', 'bef554ee-f857-4d64-9b44-3b1f24995e44', 0, '2025-01-09 19:19:17.091015', '2025-01-09 19:19:17.091015'),
    ('aacb41b1-a37f-4067-81b9-7e8b6e8f1c7d', 'Pilot', 'c1155601-8d2f-428b-bde9-8ce8795d871f', '0be5b36a-5db6-447d-880f-d77ad4217a9b', 2, '2025-01-10 02:09:00.524029', '2025-01-10 02:09:00.524029'),
    ('b3166e6a-d9f1-4eda-9560-dbf270d83919', 'Clone Commander', 'ffd6a1cb-2ab6-4e51-a733-e73959bbe9f5', NULL, 0, '2025-01-09 19:13:51.849905', '2025-01-09 19:13:51.849905'),
    ('b4a9c0ff-7427-4f47-8250-c1f5f58dc18c', 'Trooper', '230886d5-8fc5-41b8-a5c3-4db98fd55043', 'a6be26b8-731f-4921-aff0-c13b55c1196b', 3, '2025-01-09 19:22:46.546767', '2025-01-09 19:22:46.546767'),
    ('b87833d1-db35-40a5-b6f6-fc50cbe1b59e', 'Trooper', '2f4965f6-3b9c-4db6-9296-7dc03c06d91e', 'd660f456-05c5-4919-9f72-a1b7ae971084', 1, '2025-01-09 19:25:29.718303', '2025-01-09 19:25:29.718303'),
    ('bbf8cc94-8b6f-4cde-af0d-cba4a7be538b', 'Flight Leader', '60433d30-9932-4438-8d4c-d88990cbc115', '8271b7a2-9878-404b-b247-a7a05392cdc8', 0, '2025-01-10 02:07:14.649673', '2025-01-10 02:07:14.649673'),
    ('bc9a6a2a-a009-44cc-aeb8-74f75e09c13a', 'Chief Warrant Officer', 'ffd6a1cb-2ab6-4e51-a733-e73959bbe9f5', NULL, 3, '2025-01-09 19:13:51.897244', '2025-01-09 19:13:51.897244'),
    ('bef554ee-f857-4d64-9b44-3b1f24995e44', 'Squad Leader', '1e03fe15-44a6-445e-9bd6-38f1c60087b1', '18f72361-24fa-49da-b290-8a4e01b675ea', 0, '2025-01-09 19:15:17.038842', '2025-01-09 19:15:17.038842'),
    ('c5c518b5-8da3-4867-8f8f-efdccae717ac', 'Squad Leader', '3ed37804-307d-4d9f-81a5-08adda935f93', '18f72361-24fa-49da-b290-8a4e01b675ea', 0, '2025-01-09 19:17:09.42727', '2025-01-09 19:17:09.42727'),
    ('d660f456-05c5-4919-9f72-a1b7ae971084', 'Team Leader', '2f4965f6-3b9c-4db6-9296-7dc03c06d91e', 'c5c518b5-8da3-4867-8f8f-efdccae717ac', 0, '2025-01-09 19:21:59.843124', '2025-01-09 19:21:59.843124'),
    ('de21926c-8e1c-416f-881f-8c6e16d0fd8e', 'Chief Warrant Officer', 'ffd6a1cb-2ab6-4e51-a733-e73959bbe9f5', NULL, 4, '2025-01-09 19:13:51.883679', '2025-01-09 19:13:51.883679'),
    ('f590fc24-55f4-4d2a-a20d-ac3fd514a303', 'RTO', 'c1155601-8d2f-428b-bde9-8ce8795d871f', '0be5b36a-5db6-447d-880f-d77ad4217a9b', 1, '2025-01-10 02:09:00.488696', '2025-01-10 02:09:00.488696');

INSERT INTO qualifications (id, name, abbreviation) VALUES
    ('d290f1ee-6c54-4b01-90e6-d701748f0851', 'Basic Training', 'BT'),
    ('d290f1ee-6c54-4b01-90e6-d701748f0852', 'Auto-Rifleman', 'AR'),
    ('d290f1ee-6c54-4b01-90e6-d701748f0853', 'Anti-Tank', 'AT'),
    ('d290f1ee-6c54-4b01-90e6-d701748f0854', 'Marksman', 'MRK'),
    ('d290f1ee-6c54-4b01-90e6-d701748f0855', 'Combat Life Saver', 'CLS'),
    ('d290f1ee-6c54-4b01-90e6-d701748f0856', 'Close Quarters Combatant', 'CQC'),
    ('d290f1ee-6c54-4b01-90e6-d701748f0857', 'Grenadier', 'GRN'),
    ('d290f1ee-6c54-4b01-90e6-d701748f0858', 'Airborne', 'ABR'),
    ('d290f1ee-6c54-4b01-90e6-d701748f0859', 'Demolition Specialist', 'DEMO'),
    ('d290f1ee-6c54-4b01-90e6-d701748f0860', 'Medic', 'MED'),
    ('d290f1ee-6c54-4b01-90e6-d701748f0861', 'Basic Leadership Course', 'BLC'),
    ('d290f1ee-6c54-4b01-90e6-d701748f0862', 'Advance Leadership Course', 'ALC'),
    ('d290f1ee-6c54-4b01-90e6-d701748f0863', 'Command Leadership Course', 'CLC'),
    ('d290f1ee-6c54-4b01-90e6-d701748f0864', 'Detachment Leadership Course', 'DLC'),
    ('d290f1ee-6c54-4b01-90e6-d701748f0865', 'Rotary Wing', 'RTW'),
    ('d290f1ee-6c54-4b01-90e6-d701748f0866', 'Fixed Wing', 'FXW'),
    ('d290f1ee-6c54-4b01-90e6-d701748f0867', 'Advance Recon Commandos', 'ARC'),
    ('d290f1ee-6c54-4b01-90e6-d701748f0868', 'Advance Recon Force', 'ARF'),
    ('d290f1ee-6c54-4b01-90e6-d701748f0869', 'Republic Commando', 'RCM'),
    ('d290f1ee-6c54-4b01-90e6-d701748f0870', 'Joint Attack Controller', 'RTO');